{"cameraMode":{"drawMode":0,"name":"Shaded","section":"Shading Mode"},"sceneLighting":false,"audioPlay":false,"sceneViewState":{"showFog":true,"showMaterialUpdate":true,"showSkybox":false,"showFlares":true,"showImageEffects":true,"showParticleSystems":true},"in2DMode":false,"pivot":{"x":-1.62339448928833,"y":2.4800000190734865,"z":-9.15999984741211},"rotation":{"x":0.30050981044769289,"y":0.6135115027427673,"z":-0.27200454473495486,"w":0.6778229475021362},"size":0.6928201913833618,"orthographic":false}