{"cameraMode":{"drawMode":0,"name":"Shaded","section":"Shading Mode"},"sceneLighting":true,"audioPlay":false,"sceneViewState":{"showFog":true,"showMaterialUpdate":true,"showSkybox":true,"showFlares":true,"showImageEffects":true,"showParticleSystems":true},"in2DMode":false,"pivot":{"x":-17.92804527282715,"y":3.9856433868408205,"z":-59.92747497558594},"rotation":{"x":0.23647940158843995,"y":0.5437867045402527,"z":-0.1630333960056305,"w":0.7886479496955872},"size":4.8926472663879398,"orthographic":false}