{"cameraMode":{"drawMode":0,"name":"Shaded","section":"Shading Mode"},"sceneLighting":true,"audioPlay":false,"sceneViewState":{"showFog":true,"showMaterialUpdate":true,"showSkybox":true,"showFlares":true,"showImageEffects":true,"showParticleSystems":true},"in2DMode":false,"pivot":{"x":-8.643646240234375,"y":4.812800407409668,"z":-21.38948631286621},"rotation":{"x":0.2799016833305359,"y":0.6395165920257568,"z":-0.26986584067344668,"w":0.6633093357086182},"size":18.258148193359376,"orthographic":false}