{"cameraMode":{"drawMode":0,"name":"Shaded","section":"Shading Mode"},"sceneLighting":false,"audioPlay":false,"sceneViewState":{"showFog":true,"showMaterialUpdate":true,"showSkybox":false,"showFlares":true,"showImageEffects":true,"showParticleSystems":true},"in2DMode":false,"pivot":{"x":-0.21761107444763184,"y":3.049999952316284,"z":-0.6996961832046509},"rotation":{"x":0.316427618265152,"y":0.5907131433486939,"z":-0.2704545855522156,"w":0.6912856698036194},"size":1.2247451543807984,"orthographic":false}