{"cameraMode":{"drawMode":0,"name":"Shaded","section":"Shading Mode"},"sceneLighting":false,"audioPlay":false,"sceneViewState":{"showFog":true,"showMaterialUpdate":true,"showSkybox":false,"showFlares":true,"showImageEffects":true,"showParticleSystems":true},"in2DMode":false,"pivot":{"x":-4.789999961853027,"y":1.4900000095367432,"z":0.20200000703334809},"rotation":{"x":0.2523183226585388,"y":0.6767739653587341,"z":-0.26783841848373415,"w":0.637702465057373},"size":5.221593379974365,"orthographic":false}