{"cameraMode":{"drawMode":0,"name":"Shaded","section":"Shading Mode"},"sceneLighting":true,"audioPlay":false,"sceneViewState":{"showFog":true,"showMaterialUpdate":true,"showSkybox":true,"showFlares":true,"showImageEffects":true,"showParticleSystems":true},"in2DMode":false,"pivot":{"x":10.4954833984375,"y":-7.932456016540527,"z":-0.5738396644592285},"rotation":{"x":-0.2908472418785095,"y":-0.48140403628349306,"z":0.1731647253036499,"w":-0.808526337146759},"size":13.875258445739746,"orthographic":false}