{"cameraMode":{"drawMode":0,"name":"Shaded","section":"Shading Mode"},"sceneLighting":true,"audioPlay":false,"sceneViewState":{"showFog":true,"showMaterialUpdate":true,"showSkybox":true,"showFlares":true,"showImageEffects":true,"showParticleSystems":true},"in2DMode":false,"pivot":{"x":4.14970588684082,"y":-5.134952545166016,"z":-9.580056190490723},"rotation":{"x":0.29962417483329775,"y":0.6606327295303345,"z":-0.32677045464515688,"w":0.6058732271194458},"size":14.836390495300293,"orthographic":false}