{"cameraMode":{"drawMode":0,"name":"Shaded","section":"Shading Mode"},"sceneLighting":false,"audioPlay":false,"sceneViewState":{"showFog":true,"showMaterialUpdate":true,"showSkybox":false,"showFlares":true,"showImageEffects":true,"showParticleSystems":true},"in2DMode":false,"pivot":{"x":-3.5199999809265138,"y":1.559999942779541,"z":-7.84620475769043},"rotation":{"x":-0.10450858622789383,"y":0.8913495540618897,"z":-0.26288843154907229,"w":-0.3542877435684204},"size":3.13801646232605,"orthographic":false}