{"cameraMode":{"drawMode":0,"name":"Shaded","section":"Shading Mode"},"sceneLighting":false,"audioPlay":false,"sceneViewState":{"showFog":true,"showMaterialUpdate":true,"showSkybox":false,"showFlares":true,"showImageEffects":true,"showParticleSystems":true},"in2DMode":false,"pivot":{"x":0.20189666748046876,"y":-0.41140317916870119,"z":-4.610000133514404},"rotation":{"x":-0.24576742947101594,"y":-0.16993357241153718,"z":0.04380948469042778,"w":-0.9533127546310425},"size":0.8660253882408142,"orthographic":false}