{"cameraMode":{"drawMode":0,"name":"Shaded","section":"Shading Mode"},"sceneLighting":true,"audioPlay":false,"sceneViewState":{"showFog":true,"showMaterialUpdate":true,"showSkybox":true,"showFlares":true,"showImageEffects":true,"showParticleSystems":true},"in2DMode":false,"pivot":{"x":1.4221386909484864,"y":-3.3103270530700685,"z":-8.401204109191895},"rotation":{"x":0.2177712768316269,"y":0.7386389970779419,"z":-0.2808425724506378,"w":0.572885274887085},"size":10.766392707824707,"orthographic":false}