{"cameraMode":{"drawMode":0,"name":"Shaded","section":"Shading Mode"},"sceneLighting":false,"audioPlay":false,"sceneViewState":{"showFog":true,"showMaterialUpdate":true,"showSkybox":false,"showFlares":true,"showImageEffects":true,"showParticleSystems":true},"in2DMode":false,"pivot":{"x":0.7433911561965942,"y":1.5999999046325684,"z":-1.7229599952697755},"rotation":{"x":0.24156460165977479,"y":0.6835916638374329,"z":-0.25874388217926028,"w":0.6383424997329712},"size":0.8660253286361694,"orthographic":false}