{"cameraMode":{"drawMode":0,"name":"Shaded","section":"Shading Mode"},"sceneLighting":true,"audioPlay":false,"sceneViewState":{"showFog":true,"showMaterialUpdate":true,"showSkybox":true,"showFlares":true,"showImageEffects":true,"showParticleSystems":true},"in2DMode":false,"pivot":{"x":-12.561148643493653,"y":0.5405769348144531,"z":-51.991294860839847},"rotation":{"x":-0.24199232459068299,"y":-0.4171769917011261,"z":0.11627013236284256,"w":-0.8682669401168823},"size":14.138123512268067,"orthographic":false}