{"cameraMode":{"drawMode":0,"name":"Shaded","section":"Shading Mode"},"sceneLighting":false,"audioPlay":false,"sceneViewState":{"showFog":true,"showMaterialUpdate":true,"showSkybox":false,"showFlares":true,"showImageEffects":true,"showParticleSystems":true},"in2DMode":false,"pivot":{"x":-15.789999008178711,"y":0.9100000262260437,"z":-51.650001525878909},"rotation":{"x":0.3133995532989502,"y":0.5207264423370361,"z":-0.2133248895406723,"w":0.7650162577629089},"size":0.6062168478965759,"orthographic":false}