{"cameraMode":{"drawMode":0,"name":"Shaded","section":"Shading Mode"},"sceneLighting":false,"audioPlay":false,"sceneViewState":{"showFog":true,"showMaterialUpdate":true,"showSkybox":false,"showFlares":true,"showImageEffects":true,"showParticleSystems":true},"in2DMode":false,"pivot":{"x":-3.7224998474121095,"y":1.5928001403808594,"z":-5.868001461029053},"rotation":{"x":-0.29933813214302065,"y":-0.6386930346488953,"z":0.29702818393707278,"w":-0.6436450481414795},"size":0.7859280705451965,"orthographic":false}